[{"model": "contenttypes.contenttype", "fields": {"app_label": "admin", "model": "logentry"}}, {"model": "contenttypes.contenttype", "fields": {"app_label": "auth", "model": "permission"}}, {"model": "contenttypes.contenttype", "fields": {"app_label": "auth", "model": "group"}}, {"model": "contenttypes.contenttype", "fields": {"app_label": "auth", "model": "user"}}, {"model": "contenttypes.contenttype", "fields": {"app_label": "contenttypes", "model": "contenttype"}}, {"model": "contenttypes.contenttype", "fields": {"app_label": "sessions", "model": "session"}}, {"model": "contenttypes.contenttype", "fields": {"app_label": "shop", "model": "category"}}, {"model": "contenttypes.contenttype", "fields": {"app_label": "shop", "model": "product"}}, {"model": "contenttypes.contenttype", "fields": {"app_label": "shop", "model": "cart"}}, {"model": "contenttypes.contenttype", "fields": {"app_label": "shop", "model": "favorite"}}, {"model": "sessions.session", "pk": "lispzd4afya7spcu4mxnnrsha4epdc7h", "fields": {"session_data": ".eJxVjDEOwjAMRe-SGUUtIXHDyM4ZKtuxSQElUtNOiLtDpQ6w_vfef5kR1yWPa5N5nJI5G2cOvxshP6RsIN2x3KrlWpZ5IrspdqfNXmuS52V3_w4ytvytvTsF5MAhgXLXxZBQmcD37Ek9AkbF_iiiGEhJRYFcdDoMyqICYN4fGzY5_A:1uKA0a:2pDfhxY7dHQ85wnrZ80p9s_62VlCPmNdHyLcMfDL8BE", "expire_date": "2025-06-11T06:11:24.449Z"}}, {"model": "shop.category", "pk": 1, "fields": {"name": "Electronics", "image": "", "description": "Gadgets, devices, and accessories for modern living.", "status": false, "created_at": "2025-05-26T20:38:03Z"}}, {"model": "shop.category", "pk": 2, "fields": {"name": "Fashion", "image": "", "description": "Clothing, footwear, and accessories for all ages.", "status": false, "created_at": "2025-05-26T20:38:03Z"}}, {"model": "shop.category", "pk": 3, "fields": {"name": "Home Goods", "image": "", "description": "Essentials and decor for a comfortable and stylish home.", "status": false, "created_at": "2025-05-26T20:38:03Z"}}, {"model": "shop.category", "pk": 4, "fields": {"name": "Books & Media", "image": "", "description": "A wide range of literature, movies, and digital content.", "status": false, "created_at": "2025-05-26T20:38:03Z"}}, {"model": "shop.category", "pk": 5, "fields": {"name": "Sports & Fitness", "image": "", "description": "Equipment and apparel for various sports and fitness activities.", "status": false, "created_at": "2025-05-26T20:38:03Z"}}, {"model": "shop.product", "pk": 1, "fields": {"Category": 1, "name": "Smartphone X", "vendor": "TechGadget Co.", "product_image": "uploads/2025-05-26_204554mobile.jfif", "quantity": 120, "original_price": 799.0, "selling_price": 749.0, "description": "Latest model with AI camera and long battery life.", "status": false, "trending": true, "created_at": "2025-05-26T20:39:52Z"}}, {"model": "shop.product", "pk": 2, "fields": {"Category": 1, "name": "Noise Cancelling Headphones", "vendor": "AudioGear", "product_image": "", "quantity": 80, "original_price": 199.99, "selling_price": 179.99, "description": "Immersive sound with advanced noise cancellation.", "status": false, "trending": false, "created_at": "2025-05-26T20:39:52Z"}}, {"model": "shop.product", "pk": 3, "fields": {"Category": 1, "name": "Smart LED TV 55 Inch", "vendor": "VividView", "product_image": "", "quantity": 50, "original_price": 899.0, "selling_price": 799.0, "description": "4K UHD Smart TV with stunning picture quality.", "status": false, "trending": true, "created_at": "2025-05-26T20:39:52Z"}}, {"model": "shop.product", "pk": 4, "fields": {"Category": 1, "name": "Wireless Mechanical Keyboard", "vendor": "ClickyKeys", "product_image": "", "quantity": 110, "original_price": 95.0, "selling_price": 85.0, "description": "Tactile mechanical keyboard for gaming and typing.", "status": false, "trending": false, "created_at": "2025-05-26T20:39:52Z"}}, {"model": "shop.product", "pk": 5, "fields": {"Category": 1, "name": "Portable Bluetooth Speaker", "vendor": "SoundOn", "product_image": "", "quantity": 150, "original_price": 70.0, "selling_price": 59.99, "description": "Compact speaker with powerful bass and long playtime.", "status": false, "trending": true, "created_at": "2025-05-26T20:39:52Z"}}, {"model": "shop.product", "pk": 6, "fields": {"Category": 1, "name": "Laptop Pro 15 Inch", "vendor": "ComputeFast", "product_image": "", "quantity": 60, "original_price": 1200.0, "selling_price": 1099.0, "description": "High-performance laptop for professionals and creators.", "status": false, "trending": false, "created_at": "2025-05-26T20:39:52Z"}}, {"model": "shop.product", "pk": 7, "fields": {"Category": 1, "name": "External SSD 1TB", "vendor": "DataVault", "product_image": "", "quantity": 100, "original_price": 130.0, "selling_price": 115.0, "description": "Fast and portable solid-state drive for backup.", "status": false, "trending": true, "created_at": "2025-05-26T20:39:52Z"}}, {"model": "shop.product", "pk": 8, "fields": {"Category": 1, "name": "Gaming Mouse RGB", "vendor": "PrecisionGamer", "product_image": "", "quantity": 90, "original_price": 45.0, "selling_price": 39.0, "description": "Customizable RGB lighting and high DPI sensor.", "status": false, "trending": false, "created_at": "2025-05-26T20:39:52Z"}}, {"model": "shop.product", "pk": 9, "fields": {"Category": 1, "name": "Smart Home Hub", "vendor": "ConnectAll", "product_image": "", "quantity": 70, "original_price": 110.0, "selling_price": 98.0, "description": "Central hub for controlling all your smart home devices.", "status": false, "trending": true, "created_at": "2025-05-26T20:39:52Z"}}, {"model": "shop.product", "pk": 10, "fields": {"Category": 1, "name": "Drone with 4K Camera", "vendor": "SkyLens", "product_image": "", "quantity": 30, "original_price": 450.0, "selling_price": 399.0, "description": "Easy-to-fly drone with stunning 4K video recording.", "status": false, "trending": false, "created_at": "2025-05-26T20:39:52Z"}}, {"model": "shop.product", "pk": 11, "fields": {"Category": 2, "name": "Mens Slim Fit Shirt", "vendor": "StyleWear", "product_image": "", "quantity": 200, "original_price": 35.0, "selling_price": 29.0, "description": "Breathable cotton shirt, perfect for casual or semi-formal.", "status": false, "trending": true, "created_at": "2025-05-26T20:39:52Z"}}, {"model": "shop.product", "pk": 12, "fields": {"Category": 2, "name": "Womens High Waist Jeans", "vendor": "DenimDiva", "product_image": "", "quantity": 180, "original_price": 55.0, "selling_price": 45.0, "description": "Comfortable and stylish high-waisted denim jeans.", "status": false, "trending": false, "created_at": "2025-05-26T20:39:52Z"}}, {"model": "shop.product", "pk": 13, "fields": {"Category": 2, "name": "Leather Backpack", "vendor": "UrbanCarry", "product_image": "", "quantity": 75, "original_price": 120.0, "selling_price": 99.0, "description": "Durable genuine leather backpack for everyday use.", "status": false, "trending": true, "created_at": "2025-05-26T20:39:52Z"}}, {"model": "shop.product", "pk": 14, "fields": {"Category": 2, "name": "Unisex Hoodie Classic", "vendor": "ComfyCrew", "product_image": "", "quantity": 250, "original_price": 40.0, "selling_price": 32.0, "description": "Soft and warm hoodie in classic fit, various colors.", "status": false, "trending": false, "created_at": "2025-05-26T20:39:52Z"}}, {"model": "shop.product", "pk": 15, "fields": {"Category": 2, "name": "Running Sneakers Lite", "vendor": "SwiftStep", "product_image": "", "quantity": 160, "original_price": 80.0, "selling_price": 69.0, "description": "Lightweight and breathable sneakers for daily runs.", "status": false, "trending": true, "created_at": "2025-05-26T20:39:52Z"}}, {"model": "shop.product", "pk": 16, "fields": {"Category": 2, "name": "Womens Summer Dress", "vendor": "BloomFashion", "product_image": "", "quantity": 140, "original_price": 48.0, "selling_price": 39.0, "description": "Floral print lightweight dress for summer comfort.", "status": false, "trending": false, "created_at": "2025-05-26T20:39:52Z"}}, {"model": "shop.product", "pk": 17, "fields": {"Category": 2, "name": "Mens Formal Watch", "vendor": "TimePiece Co.", "product_image": "", "quantity": 60, "original_price": 180.0, "selling_price": 150.0, "description": "Elegant stainless steel watch for formal occasions.", "status": false, "trending": true, "created_at": "2025-05-26T20:39:52Z"}}, {"model": "shop.product", "pk": 18, "fields": {"Category": 2, "name": "Sunglasses UV400", "vendor": "ShadeStyles", "product_image": "", "quantity": 190, "original_price": 25.0, "selling_price": 19.0, "description": "Stylish sunglasses with full UV400 protection.", "status": false, "trending": false, "created_at": "2025-05-26T20:39:52Z"}}, {"model": "shop.product", "pk": 19, "fields": {"Category": 2, "name": "Kids Cartoon T-Shirt", "vendor": "TinyTrends", "product_image": "", "quantity": 300, "original_price": 15.0, "selling_price": 10.0, "description": "Colorful cotton t-shirt with popular cartoon print.", "status": false, "trending": true, "created_at": "2025-05-26T20:39:52Z"}}, {"model": "shop.product", "pk": 20, "fields": {"Category": 2, "name": "Wool Blend Beanie", "vendor": "WarmHead", "product_image": "", "quantity": 100, "original_price": 20.0, "selling_price": 16.0, "description": "Soft wool blend beanie for cold weather.", "status": false, "trending": false, "created_at": "2025-05-26T20:39:52Z"}}, {"model": "shop.product", "pk": 21, "fields": {"Category": 3, "name": "Smart Air Fryer 5L", "vendor": "KitchenWhiz", "product_image": "", "quantity": 70, "original_price": 150.0, "selling_price": 129.0, "description": "Healthy cooking with touchscreen controls and app connectivity.", "status": false, "trending": true, "created_at": "2025-05-26T20:39:52Z"}}, {"model": "shop.product", "pk": 22, "fields": {"Category": 3, "name": "Memory Foam Pillow", "vendor": "DreamSupport", "product_image": "", "quantity": 130, "original_price": 40.0, "selling_price": 32.0, "description": "Ergonomic memory foam pillow for neck and back support.", "status": false, "trending": false, "created_at": "2025-05-26T20:39:52Z"}}, {"model": "shop.product", "pk": 23, "fields": {"Category": 3, "name": "Robot Vacuum Cleaner", "vendor": "CleanBot", "product_image": "", "quantity": 40, "original_price": 280.0, "selling_price": 249.0, "description": "Automated vacuum with smart mapping and remote control.", "status": false, "trending": true, "created_at": "2025-05-26T20:39:52Z"}}, {"model": "shop.product", "pk": 24, "fields": {"Category": 3, "name": "Ceramic Dinner Set 4Pcs", "vendor": "TableHarmony", "product_image": "", "quantity": 90, "original_price": 65.0, "selling_price": 55.0, "description": "Elegant ceramic dinnerware set for four people.", "status": false, "trending": false, "created_at": "2025-05-26T20:39:52Z"}}, {"model": "shop.product", "pk": 25, "fields": {"Category": 3, "name": "LED Desk Lamp Dimmable", "vendor": "BrightSpace", "product_image": "", "quantity": 100, "original_price": 30.0, "selling_price": 24.0, "description": "Modern desk lamp with adjustable brightness and color temperature.", "status": false, "trending": true, "created_at": "2025-05-26T20:39:52Z"}}, {"model": "shop.product", "pk": 26, "fields": {"Category": 3, "name": "Stainless Steel Cookware Set", "vendor": "CulinaryPro", "product_image": "", "quantity": 50, "original_price": 220.0, "selling_price": 189.0, "description": "10-piece professional stainless steel cookware set.", "status": false, "trending": false, "created_at": "2025-05-26T20:39:52Z"}}, {"model": "shop.product", "pk": 27, "fields": {"Category": 3, "name": "Aromatherapy Diffuser", "vendor": "ZenAura", "product_image": "", "quantity": 160, "original_price": 35.0, "selling_price": 28.0, "description": "Ultrasonic diffuser for essential oils, with mood lighting.", "status": false, "trending": true, "created_at": "2025-05-26T20:39:52Z"}}, {"model": "shop.product", "pk": 28, "fields": {"Category": 3, "name": "Plush Area Rug 5x7ft", "vendor": "CozyFloors", "product_image": "", "quantity": 30, "original_price": 90.0, "selling_price": 75.0, "description": "Soft and luxurious area rug for living rooms.", "status": false, "trending": false, "created_at": "2025-05-26T20:39:52Z"}}, {"model": "shop.product", "pk": 29, "fields": {"Category": 3, "name": "Portable Clothes Steamer", "vendor": "SmoothFinish", "product_image": "", "quantity": 110, "original_price": 45.0, "selling_price": 37.0, "description": "Quick and efficient steamer for wrinkle removal.", "status": false, "trending": true, "created_at": "2025-05-26T20:39:52Z"}}, {"model": "shop.product", "pk": 30, "fields": {"Category": 3, "name": "Smart Scale Body Fat Analyzer", "vendor": "FitMeasures", "product_image": "", "quantity": 85, "original_price": 60.0, "selling_price": 50.0, "description": "Connects to app for tracking weight, BMI, and body fat.", "status": false, "trending": false, "created_at": "2025-05-26T20:39:52Z"}}, {"model": "shop.product", "pk": 31, "fields": {"Category": 4, "name": "Sci-Fi Thriller Novel", "vendor": "FutureReads", "product_image": "", "quantity": 150, "original_price": 22.0, "selling_price": 18.0, "description": "Bestselling science fiction thriller, a gripping read.", "status": false, "trending": true, "created_at": "2025-05-26T20:39:52Z"}}, {"model": "shop.product", "pk": 32, "fields": {"Category": 4, "name": "Cooking Recipe Book", "vendor": "GourmetGuide", "product_image": "", "quantity": 100, "original_price": 30.0, "selling_price": 24.0, "description": "Comprehensive cookbook with international recipes.", "status": false, "trending": false, "created_at": "2025-05-26T20:39:52Z"}}, {"model": "shop.product", "pk": 33, "fields": {"Category": 4, "name": "Fantasy Series Box Set", "vendor": "EpicSagas", "product_image": "", "quantity": 70, "original_price": 75.0, "selling_price": 65.0, "description": "Complete collection of a popular fantasy book series.", "status": false, "trending": true, "created_at": "2025-05-26T20:39:52Z"}}, {"model": "shop.product", "pk": 34, "fields": {"Category": 4, "name": "History of the World", "vendor": "KnowledgeHub", "product_image": "", "quantity": 90, "original_price": 40.0, "selling_price": 32.0, "description": "In-depth historical account covering ancient to modern times.", "status": false, "trending": false, "created_at": "2025-05-26T20:39:52Z"}}, {"model": "shop.product", "pk": 35, "fields": {"Category": 4, "name": "Kids Storybook Collection", "vendor": "TinyTales", "product_image": "", "quantity": 200, "original_price": 28.0, "selling_price": 20.0, "description": "Illustrated collection of classic children's stories.", "status": false, "trending": true, "created_at": "2025-05-26T20:39:52Z"}}, {"model": "shop.product", "pk": 36, "fields": {"Category": 4, "name": "Romantic Comedy DVD", "vendor": "CineLove", "product_image": "", "quantity": 130, "original_price": 15.0, "selling_price": 12.0, "description": "Popular romantic comedy movie on DVD.", "status": false, "trending": false, "created_at": "2025-05-26T20:39:52Z"}}, {"model": "shop.product", "pk": 37, "fields": {"Category": 4, "name": "Documentary Blu-ray Nature", "vendor": "WildLens", "product_image": "", "quantity": 80, "original_price": 25.0, "selling_price": 20.0, "description": "Stunning nature documentary in high definition.", "status": false, "trending": true, "created_at": "2025-05-26T20:39:52Z"}}, {"model": "shop.product", "pk": 38, "fields": {"Category": 4, "name": "Music Album Pop Hits", "vendor": "TuneFusion", "product_image": "", "quantity": 180, "original_price": 18.0, "selling_price": 14.0, "description": "Latest compilation of chart-topping pop music.", "status": false, "trending": false, "created_at": "2025-05-26T20:39:52Z"}}, {"model": "shop.product", "pk": 39, "fields": {"Category": 4, "name": "E-book Digital Marketing", "vendor": "PixelReads", "product_image": "", "quantity": 250, "original_price": 10.0, "selling_price": 8.0, "description": "Comprehensive guide to modern digital marketing strategies.", "status": false, "trending": true, "created_at": "2025-05-26T20:39:52Z"}}, {"model": "shop.product", "pk": 40, "fields": {"Category": 4, "name": "Coding Course Online Access", "vendor": "CodeLearn", "product_image": "", "quantity": 50, "original_price": 100.0, "selling_price": 85.0, "description": "Lifetime access to a beginner-friendly Python coding course.", "status": false, "trending": false, "created_at": "2025-05-26T20:39:52Z"}}, {"model": "shop.product", "pk": 41, "fields": {"Category": 5, "name": "Yoga Mat Anti-slip", "vendor": "FlexiGear", "product_image": "", "quantity": 160, "original_price": 30.0, "selling_price": 25.0, "description": "Eco-friendly and extra-thick yoga mat for comfort.", "status": false, "trending": true, "created_at": "2025-05-26T20:39:52Z"}}, {"model": "shop.product", "pk": 42, "fields": {"Category": 5, "name": "Resistance Bands Set", "vendor": "StrengthFit", "product_image": "", "quantity": 220, "original_price": 20.0, "selling_price": 16.0, "description": "Set of 5 resistance bands for full body workout.", "status": false, "trending": false, "created_at": "2025-05-26T20:39:52Z"}}, {"model": "shop.product", "pk": 43, "fields": {"Category": 5, "name": "Smart Fitness Tracker", "vendor": "ActiveTrack", "product_image": "", "quantity": 90, "original_price": 85.0, "selling_price": 75.0, "description": "Monitors heart rate, steps, and sleep with app sync.", "status": false, "trending": true, "created_at": "2025-05-26T20:39:52Z"}}, {"model": "shop.product", "pk": 44, "fields": {"Category": 5, "name": "Dumbbell Set 10kg", "vendor": "IronMuscle", "product_image": "", "quantity": 60, "original_price": 50.0, "selling_price": 42.0, "description": "Adjustable dumbbell set, ideal for home workouts.", "status": false, "trending": false, "created_at": "2025-05-26T20:39:52Z"}}, {"model": "shop.product", "pk": 45, "fields": {"Category": 5, "name": "Basketball Pro Size 7", "vendor": "HoopStar", "product_image": "", "quantity": 140, "original_price": 35.0, "selling_price": 29.0, "description": "Official size and weight basketball for indoor/outdoor play.", "status": false, "trending": true, "created_at": "2025-05-26T20:39:52Z"}}, {"model": "shop.product", "pk": 46, "fields": {"Category": 5, "name": "Running Water Bottle", "vendor": "HydraRun", "product_image": "", "quantity": 200, "original_price": 15.0, "selling_price": 12.0, "description": "Ergonomic water bottle designed for runners.", "status": false, "trending": false, "created_at": "2025-05-26T20:39:52Z"}}, {"model": "shop.product", "pk": 47, "fields": {"Category": 5, "name": "Jump Rope Adjustable", "vendor": "CardioKing", "product_image": "", "quantity": 280, "original_price": 10.0, "selling_price": 8.0, "description": "Durable and adjustable jump rope for cardio exercises.", "status": false, "trending": true, "created_at": "2025-05-26T20:39:52Z"}}, {"model": "shop.product", "pk": 48, "fields": {"Category": 5, "name": "Football (Soccer Ball)", "vendor": "GoalStrike", "product_image": "", "quantity": 130, "original_price": 28.0, "selling_price": 22.0, "description": "Durable soccer ball for training and matches.", "status": false, "trending": false, "created_at": "2025-05-26T20:39:52Z"}}, {"model": "shop.product", "pk": 49, "fields": {"Category": 5, "name": "Workout Gloves", "vendor": "GripPro", "product_image": "", "quantity": 170, "original_price": 22.0, "selling_price": 18.0, "description": "Padded workout gloves for weightlifting and training.", "status": false, "trending": true, "created_at": "2025-05-26T20:39:52Z"}}, {"model": "shop.product", "pk": 50, "fields": {"Category": 5, "name": "Camping Tent 2-Person", "vendor": "WildernessEase", "product_image": "", "quantity": 40, "original_price": 110.0, "selling_price": 95.0, "description": "Lightweight 2-person tent for camping and hiking.", "status": false, "trending": false, "created_at": "2025-05-26T20:39:52Z"}}, {"model": "auth.permission", "fields": {"name": "Can add log entry", "content_type": ["admin", "logentry"], "codename": "add_logentry"}}, {"model": "auth.permission", "fields": {"name": "Can change log entry", "content_type": ["admin", "logentry"], "codename": "change_logentry"}}, {"model": "auth.permission", "fields": {"name": "Can delete log entry", "content_type": ["admin", "logentry"], "codename": "delete_logentry"}}, {"model": "auth.permission", "fields": {"name": "Can view log entry", "content_type": ["admin", "logentry"], "codename": "view_logentry"}}, {"model": "auth.permission", "fields": {"name": "Can add permission", "content_type": ["auth", "permission"], "codename": "add_permission"}}, {"model": "auth.permission", "fields": {"name": "Can change permission", "content_type": ["auth", "permission"], "codename": "change_permission"}}, {"model": "auth.permission", "fields": {"name": "Can delete permission", "content_type": ["auth", "permission"], "codename": "delete_permission"}}, {"model": "auth.permission", "fields": {"name": "Can view permission", "content_type": ["auth", "permission"], "codename": "view_permission"}}, {"model": "auth.permission", "fields": {"name": "Can add group", "content_type": ["auth", "group"], "codename": "add_group"}}, {"model": "auth.permission", "fields": {"name": "Can change group", "content_type": ["auth", "group"], "codename": "change_group"}}, {"model": "auth.permission", "fields": {"name": "Can delete group", "content_type": ["auth", "group"], "codename": "delete_group"}}, {"model": "auth.permission", "fields": {"name": "Can view group", "content_type": ["auth", "group"], "codename": "view_group"}}, {"model": "auth.permission", "fields": {"name": "Can add user", "content_type": ["auth", "user"], "codename": "add_user"}}, {"model": "auth.permission", "fields": {"name": "Can change user", "content_type": ["auth", "user"], "codename": "change_user"}}, {"model": "auth.permission", "fields": {"name": "Can delete user", "content_type": ["auth", "user"], "codename": "delete_user"}}, {"model": "auth.permission", "fields": {"name": "Can view user", "content_type": ["auth", "user"], "codename": "view_user"}}, {"model": "auth.permission", "fields": {"name": "Can add content type", "content_type": ["contenttypes", "contenttype"], "codename": "add_contenttype"}}, {"model": "auth.permission", "fields": {"name": "Can change content type", "content_type": ["contenttypes", "contenttype"], "codename": "change_contenttype"}}, {"model": "auth.permission", "fields": {"name": "Can delete content type", "content_type": ["contenttypes", "contenttype"], "codename": "delete_contenttype"}}, {"model": "auth.permission", "fields": {"name": "Can view content type", "content_type": ["contenttypes", "contenttype"], "codename": "view_contenttype"}}, {"model": "auth.permission", "fields": {"name": "Can add session", "content_type": ["sessions", "session"], "codename": "add_session"}}, {"model": "auth.permission", "fields": {"name": "Can change session", "content_type": ["sessions", "session"], "codename": "change_session"}}, {"model": "auth.permission", "fields": {"name": "Can delete session", "content_type": ["sessions", "session"], "codename": "delete_session"}}, {"model": "auth.permission", "fields": {"name": "Can view session", "content_type": ["sessions", "session"], "codename": "view_session"}}, {"model": "auth.permission", "fields": {"name": "Can add category", "content_type": ["shop", "category"], "codename": "add_category"}}, {"model": "auth.permission", "fields": {"name": "Can change category", "content_type": ["shop", "category"], "codename": "change_category"}}, {"model": "auth.permission", "fields": {"name": "Can delete category", "content_type": ["shop", "category"], "codename": "delete_category"}}, {"model": "auth.permission", "fields": {"name": "Can view category", "content_type": ["shop", "category"], "codename": "view_category"}}, {"model": "auth.permission", "fields": {"name": "Can add product", "content_type": ["shop", "product"], "codename": "add_product"}}, {"model": "auth.permission", "fields": {"name": "Can change product", "content_type": ["shop", "product"], "codename": "change_product"}}, {"model": "auth.permission", "fields": {"name": "Can delete product", "content_type": ["shop", "product"], "codename": "delete_product"}}, {"model": "auth.permission", "fields": {"name": "Can view product", "content_type": ["shop", "product"], "codename": "view_product"}}, {"model": "auth.permission", "fields": {"name": "Can add cart", "content_type": ["shop", "cart"], "codename": "add_cart"}}, {"model": "auth.permission", "fields": {"name": "Can change cart", "content_type": ["shop", "cart"], "codename": "change_cart"}}, {"model": "auth.permission", "fields": {"name": "Can delete cart", "content_type": ["shop", "cart"], "codename": "delete_cart"}}, {"model": "auth.permission", "fields": {"name": "Can view cart", "content_type": ["shop", "cart"], "codename": "view_cart"}}, {"model": "auth.permission", "fields": {"name": "Can add favourite", "content_type": ["shop", "favorite"], "codename": "add_favourite"}}, {"model": "auth.permission", "fields": {"name": "Can change favourite", "content_type": ["shop", "favorite"], "codename": "change_favourite"}}, {"model": "auth.permission", "fields": {"name": "Can delete favourite", "content_type": ["shop", "favorite"], "codename": "delete_favourite"}}, {"model": "auth.permission", "fields": {"name": "Can view favourite", "content_type": ["shop", "favorite"], "codename": "view_favourite"}}, {"model": "auth.permission", "fields": {"name": "Can add favorite", "content_type": ["shop", "favorite"], "codename": "add_favorite"}}, {"model": "auth.permission", "fields": {"name": "Can change favorite", "content_type": ["shop", "favorite"], "codename": "change_favorite"}}, {"model": "auth.permission", "fields": {"name": "Can delete favorite", "content_type": ["shop", "favorite"], "codename": "delete_favorite"}}, {"model": "auth.permission", "fields": {"name": "Can view favorite", "content_type": ["shop", "favorite"], "codename": "view_favorite"}}, {"model": "auth.user", "fields": {"password": "pbkdf2_sha256$1000000$D1PlOX6Nds9Npq5pLeP283$ZWXQ6uObaSN1en6E6h969WlsZ+yEvOs+ptRHDquW1DU=", "last_login": "2025-05-28T05:56:31.778Z", "is_superuser": true, "username": "my", "first_name": "", "last_name": "", "email": "", "is_staff": true, "is_active": true, "date_joined": "2025-05-26T15:12:17.275Z", "groups": [], "user_permissions": []}}, {"model": "auth.user", "fields": {"password": "pbkdf2_sha256$1000000$DKxI5xOPOD9m2dR742YR0m$d1c37AWimzJjAv0zeSUWnZ7JGvWPoVe/+7eu7pf982g=", "last_login": "2025-05-28T06:11:24.443Z", "is_superuser": false, "username": "mythesh", "first_name": "", "last_name": "", "email": "my@mail.com", "is_staff": false, "is_active": true, "date_joined": "2025-05-27T16:09:50.926Z", "groups": [], "user_permissions": []}}, {"model": "shop.cart", "pk": 1, "fields": {"User": ["my"], "Product": 1, "product_qty": 1, "created_at": "2025-05-27T15:52:16.449Z"}}, {"model": "shop.cart", "pk": 2, "fields": {"User": ["mythesh"], "Product": 1, "product_qty": 1, "created_at": "2025-05-27T16:10:36.890Z"}}, {"model": "shop.cart", "pk": 4, "fields": {"User": ["mythesh"], "Product": 2, "product_qty": 1, "created_at": "2025-05-28T07:35:39.726Z"}}, {"model": "shop.favorite", "pk": 1, "fields": {"User": ["mythesh"], "Product": 1, "created_at": "2025-05-28T07:35:49.747Z"}}, {"model": "admin.logentry", "pk": 1, "fields": {"action_time": "2025-05-26T15:15:54.070Z", "user": ["my"], "content_type": ["shop", "product"], "object_id": "1", "object_repr": "Smartphone X", "action_flag": 2, "change_message": "[{\"changed\": {\"fields\": [\"Product image\"]}}]"}}, {"model": "admin.logentry", "pk": 2, "fields": {"action_time": "2025-05-27T16:08:58.532Z", "user": ["my"], "content_type": ["auth", "user"], "object_id": "2", "object_repr": "mythesh", "action_flag": 3, "change_message": ""}}, {"model": "admin.logentry", "pk": 3, "fields": {"action_time": "2025-05-27T16:17:24.985Z", "user": ["my"], "content_type": ["shop", "product"], "object_id": "3", "object_repr": "Smart LED TV 55 Inch", "action_flag": 2, "change_message": "[{\"changed\": {\"fields\": [\"Status\"]}}]"}}, {"model": "admin.logentry", "pk": 4, "fields": {"action_time": "2025-05-27T16:18:15.303Z", "user": ["my"], "content_type": ["shop", "product"], "object_id": "3", "object_repr": "Smart LED TV 55 Inch", "action_flag": 2, "change_message": "[{\"changed\": {\"fields\": [\"Status\"]}}]"}}]
